unknown_number,international_number,repeated_calls,otp_request,money_request,urgent_language,call_duration,label
0,1,1,0,0,0,136,genuine
0,1,0,0,0,0,102,genuine
1,0,1,0,0,1,429,genuine
0,1,1,0,0,1,378,genuine
1,1,1,1,1,1,54,scam
0,0,0,0,0,1,344,genuine
0,0,0,0,0,1,187,genuine
0,0,1,0,0,1,33,genuine
0,0,0,0,0,0,520,genuine
1,1,0,0,0,1,354,scam
1,1,0,0,0,1,298,genuine
1,0,0,1,0,0,250,scam
0,1,1,0,0,0,373,genuine
0,1,0,0,0,0,289,genuine
0,0,1,0,0,0,559,genuine
1,1,0,0,0,0,399,genuine
0,0,0,0,1,0,410,scam
1,1,1,0,0,1,33,genuine
0,0,1,0,0,0,387,genuine
1,1,0,1,1,0,47,scam
0,0,1,0,0,0,548,genuine
1,1,0,1,1,1,567,scam
0,0,1,0,0,0,599,scam
0,1,1,0,0,1,413,genuine
0,0,0,1,0,1,69,scam
0,0,1,1,0,0,108,scam
1,0,0,0,0,0,247,scam
1,1,1,0,0,0,528,genuine
0,0,1,0,0,1,68,genuine
0,1,0,0,0,0,170,genuine
1,1,0,1,1,0,572,scam
0,1,0,0,1,0,280,scam
1,0,0,0,0,0,73,genuine
0,0,0,1,1,0,525,scam
1,1,1,0,1,1,123,scam
1,1,0,1,1,0,566,scam
0,0,0,0,0,0,72,genuine
1,1,0,0,0,0,178,genuine
1,0,1,0,0,1,381,genuine
1,0,0,1,1,1,579,scam
0,0,1,0,0,1,35,scam
1,0,1,1,1,0,152,scam
1,1,0,1,1,0,329,scam
1,0,1,0,0,0,536,genuine
1,1,1,1,0,0,369,scam
1,0,0,0,1,1,488,scam
1,1,1,0,0,1,476,genuine
0,1,0,0,0,1,403,genuine
0,1,1,1,1,0,212,scam
0,0,1,0,0,0,211,genuine
1,0,1,0,0,1,352,genuine
1,1,0,0,0,0,134,genuine
1,1,0,1,0,1,515,scam
1,1,1,0,0,1,252,genuine
1,0,0,1,0,0,335,scam
1,0,0,0,0,0,535,scam
1,1,1,0,0,0,588,genuine
0,0,0,1,1,1,544,scam
0,0,1,1,1,0,236,scam
1,0,0,0,0,1,221,genuine
1,1,0,0,0,0,431,scam
0,1,0,0,0,1,95,scam
0,1,0,0,0,0,117,genuine
0,1,0,0,0,0,465,scam
0,0,0,0,0,0,289,genuine
0,1,1,0,0,1,388,genuine
0,1,1,0,0,1,543,genuine
1,0,1,0,0,0,323,genuine
1,0,0,1,0,1,41,scam
1,1,0,0,0,0,548,genuine
0,1,1,0,1,1,564,scam
1,0,0,1,1,1,544,scam
1,1,0,0,0,1,57,genuine
0,1,1,0,0,1,234,genuine
1,1,1,0,1,0,524,scam
0,1,0,0,1,1,334,scam
0,1,0,0,0,0,48,genuine
0,1,0,1,1,1,474,scam
0,1,0,0,0,0,399,genuine
0,0,0,0,0,1,573,scam
1,1,0,0,0,0,484,genuine
1,0,1,0,0,0,48,scam
1,0,0,0,1,0,387,scam
0,1,1,1,1,0,488,scam
1,1,0,0,0,0,229,scam
1,1,0,0,0,1,285,genuine
1,1,1,0,0,1,255,genuine
1,1,1,0,0,0,142,genuine
1,0,0,0,0,1,207,genuine
1,1,1,1,1,0,474,scam
1,0,0,0,0,1,388,scam
0,1,0,1,0,1,299,scam
1,1,1,0,0,0,311,genuine
0,1,0,0,1,1,550,scam
1,0,0,0,0,0,263,genuine
0,1,1,1,1,0,291,scam
0,0,1,0,0,1,394,genuine
1,1,0,1,0,1,591,scam
1,1,0,0,0,1,475,scam
1,0,1,0,0,0,297,genuine
1,0,0,0,0,0,171,genuine
1,1,1,0,1,0,369,scam
1,0,0,0,0,0,503,genuine
1,0,1,0,0,1,417,scam
1,1,1,0,0,0,141,genuine
1,0,1,0,0,0,503,genuine
0,1,0,0,0,1,177,genuine
0,0,1,0,0,1,331,genuine
0,1,1,1,1,1,170,scam
1,0,1,0,0,0,242,genuine
0,1,0,0,0,0,211,genuine
1,1,1,0,0,0,485,genuine
1,1,0,0,0,0,127,genuine
1,1,1,0,0,1,35,genuine
1,0,0,0,0,1,380,scam
0,1,0,0,1,0,356,scam
0,1,1,1,1,1,115,scam
0,0,1,0,0,1,369,genuine
1,0,0,0,0,1,259,genuine
0,1,1,1,0,1,41,scam
1,1,0,0,0,1,525,genuine
0,0,1,1,0,0,599,scam
0,1,0,0,0,1,537,genuine
0,0,0,1,0,1,264,scam
0,0,1,0,0,0,566,scam
1,0,1,0,0,0,547,genuine
1,0,1,0,0,1,458,genuine
0,0,0,0,1,1,37,scam
1,1,0,0,0,0,350,genuine
1,1,1,0,0,1,322,genuine
1,0,0,0,0,0,236,genuine
1,1,0,0,0,1,554,genuine
1,1,1,1,0,0,276,scam
0,1,1,0,0,1,439,genuine
1,1,1,0,0,1,491,genuine
1,1,0,0,1,0,461,scam
0,0,1,1,0,1,78,scam
0,0,0,1,1,0,145,scam
0,1,0,1,1,0,108,scam
1,1,1,1,0,1,118,scam
1,0,0,0,1,0,488,scam
1,1,0,0,1,0,210,scam
1,1,1,0,0,1,525,genuine
1,1,0,0,0,1,125,scam
0,0,1,0,0,1,556,genuine
1,1,1,0,0,0,199,genuine
1,0,1,0,0,0,249,genuine
0,0,0,0,1,0,373,scam
1,0,1,0,0,0,139,genuine
0,0,1,0,1,0,511,scam
1,0,1,0,0,1,202,genuine
0,0,0,0,1,0,139,scam
0,1,0,0,0,0,124,genuine
0,1,0,0,1,1,334,scam
1,1,0,0,0,1,140,genuine
1,1,0,1,0,1,254,scam
0,1,1,1,0,0,557,scam
1,0,0,0,0,0,257,genuine
0,1,0,1,0,1,187,scam
1,0,1,0,0,1,344,genuine
1,1,1,0,0,0,313,genuine
0,1,1,0,0,0,338,genuine
1,0,0,0,0,1,201,genuine
1,1,0,0,0,1,364,genuine
0,1,0,0,0,0,581,genuine
0,0,1,0,0,1,320,genuine
0,1,1,0,0,0,497,scam
0,1,0,0,0,0,181,genuine
0,0,1,1,0,1,338,scam
1,1,0,1,0,0,460,scam
0,0,0,1,1,1,87,scam
1,1,1,1,0,1,564,scam
0,0,1,0,1,1,475,scam
1,0,0,0,0,1,209,genuine
1,0,1,0,0,0,222,scam
1,1,0,1,1,1,316,scam
0,1,1,1,1,0,56,scam
0,1,1,1,0,1,312,scam
1,1,1,0,0,1,550,genuine
0,0,0,0,0,0,304,genuine
1,1,0,1,0,0,146,scam
0,1,1,0,0,0,462,genuine
1,1,0,0,0,0,219,scam
1,0,0,0,0,1,258,genuine
0,0,1,0,0,0,523,genuine
1,1,0,1,0,1,512,scam
1,1,1,1,0,1,385,scam
0,1,0,0,0,0,461,scam
0,0,0,0,0,1,576,genuine
1,0,0,0,0,1,545,genuine
1,1,0,0,0,0,182,genuine
1,0,1,0,0,0,185,genuine
0,1,0,0,0,0,553,genuine
0,1,1,1,0,0,131,scam
1,0,0,1,1,1,279,scam
0,0,0,1,0,0,562,scam
1,0,0,1,0,1,288,scam
0,0,1,1,1,1,230,scam
1,0,1,0,0,1,270,genuine
1,1,1,0,0,0,549,scam
0,1,1,1,0,1,39,scam
1,1,0,0,0,1,203,genuine
0,1,0,0,0,1,315,genuine
0,1,1,0,0,1,588,genuine
1,1,0,0,0,0,127,genuine
0,0,1,0,0,0,584,genuine
1,0,1,0,0,0,575,scam
1,1,1,0,0,0,439,genuine
0,1,1,1,1,1,382,scam
1,1,1,0,0,1,49,genuine
1,1,0,0,0,1,289,scam
0,0,0,0,0,0,280,scam
0,0,0,0,0,0,323,genuine
0,0,1,0,0,1,145,genuine
0,0,1,0,0,0,582,genuine
1,0,0,0,0,0,457,scam
0,0,1,0,0,0,129,genuine
1,0,1,1,0,0,516,scam
1,1,0,0,0,0,127,genuine
1,1,1,0,0,0,588,genuine
0,1,0,1,0,0,157,scam
1,0,1,0,0,1,598,genuine
1,0,1,0,0,0,568,genuine
1,1,1,0,0,0,518,scam
1,0,1,0,0,1,309,genuine
0,1,0,0,1,1,395,scam
0,1,0,0,0,1,191,genuine
0,1,1,0,0,1,429,scam
0,1,0,0,0,1,190,genuine
1,0,1,0,0,0,310,genuine
1,0,0,1,0,0,408,scam
1,1,0,0,0,1,238,genuine
0,0,1,0,1,0,270,scam
0,1,0,0,0,1,598,genuine
1,0,0,1,1,0,137,scam
0,1,0,1,1,1,170,scam
0,1,1,0,1,1,43,scam
0,1,0,0,0,0,130,genuine
1,1,1,1,1,0,111,scam
1,0,1,1,1,0,217,scam
1,1,1,1,0,0,355,scam
1,1,1,0,1,0,68,scam
1,1,1,0,0,0,361,genuine
0,1,0,0,0,1,473,genuine
1,0,0,0,1,1,128,scam
0,1,1,0,1,0,185,scam
1,0,1,0,1,0,405,scam
1,0,0,0,0,1,267,scam
0,1,0,0,0,1,203,scam
1,1,0,1,0,0,62,scam
0,1,0,1,0,0,337,scam
1,0,0,0,0,1,482,genuine
0,0,0,0,0,1,472,genuine
0,1,0,0,0,0,97,genuine
0,1,0,0,0,1,87,scam
1,0,0,1,1,1,297,scam
1,0,0,0,0,0,440,genuine
1,0,0,0,0,1,446,genuine
1,1,0,0,0,1,116,genuine
0,1,0,0,1,0,98,scam
0,0,0,0,0,0,147,genuine
1,1,1,1,1,0,238,scam
0,1,0,0,0,0,211,scam
1,1,0,0,0,0,441,scam
0,1,1,0,1,0,540,scam
0,1,1,0,0,0,422,genuine
0,0,1,0,0,1,30,genuine
1,1,1,1,0,1,331,scam
0,0,0,0,0,1,367,genuine
1,1,1,0,0,1,271,scam
0,0,0,0,1,1,577,scam
1,1,1,1,1,1,469,scam
0,1,1,0,0,0,351,genuine
0,0,1,1,1,1,542,scam
1,0,0,0,0,1,156,genuine
1,1,1,1,1,1,161,scam
0,1,0,1,0,1,588,scam
1,1,0,0,0,0,509,genuine
0,0,0,0,1,0,402,scam
0,0,1,0,0,1,240,genuine
1,1,1,0,0,1,84,genuine
0,1,0,0,0,1,100,genuine
1,0,0,1,0,1,123,scam
0,0,0,1,1,0,529,scam
0,1,0,0,0,1,593,scam
1,1,0,0,0,0,344,genuine
1,0,0,1,0,1,209,scam
1,0,0,1,0,0,260,scam
1,1,1,0,1,1,278,scam
1,0,1,0,0,1,373,genuine
1,0,1,0,0,1,87,genuine
0,1,1,0,0,1,290,genuine
1,0,0,0,0,0,37,genuine
1,1,0,0,1,1,373,scam
0,0,0,0,0,0,533,scam
0,1,1,0,0,1,544,scam
1,0,1,0,0,0,581,genuine
0,0,0,1,0,1,143,scam
1,0,1,0,0,0,564,scam
1,0,0,1,0,0,561,scam
0,0,0,0,0,1,116,genuine
1,0,0,1,1,0,238,scam
1,0,1,0,1,0,441,scam
1,0,1,0,1,1,48,scam
0,1,0,0,0,0,556,genuine
1,1,1,0,0,1,267,genuine
0,1,0,1,0,1,353,scam
0,1,0,0,0,0,133,genuine
0,1,1,0,0,1,524,genuine
1,0,1,0,0,0,506,genuine
0,0,1,0,0,1,599,genuine
1,1,0,0,0,1,67,genuine
1,1,0,0,0,0,485,genuine
0,0,1,0,0,1,536,genuine
1,1,0,1,0,1,504,scam
1,1,1,1,0,0,573,scam
0,0,1,0,1,1,493,scam
0,0,0,1,1,1,92,scam
1,0,0,0,0,1,529,genuine
0,1,0,0,1,0,185,scam
0,1,0,0,1,1,112,scam
0,0,1,1,0,0,128,scam
0,0,0,1,0,0,498,scam
1,1,0,0,0,0,308,genuine
1,0,1,0,0,1,424,genuine
1,0,1,0,0,0,436,genuine
0,1,0,1,0,1,311,scam
0,1,1,1,0,0,104,scam
1,0,0,0,0,0,406,genuine
1,0,0,1,1,1,63,scam
1,0,1,0,0,1,264,genuine
1,1,1,0,1,1,529,scam
0,0,0,0,0,0,511,genuine
1,0,0,0,0,1,575,genuine
0,1,1,0,1,1,574,scam
1,0,1,0,1,1,598,scam
0,1,1,0,0,0,87,genuine
0,0,0,0,0,1,78,genuine
1,1,1,0,0,0,387,genuine
0,0,1,0,0,0,62,genuine
0,0,1,0,1,1,40,scam
1,1,1,0,0,0,378,scam
1,0,1,0,1,0,271,scam
0,1,0,0,1,0,548,scam
0,1,1,0,1,1,129,scam
1,1,0,1,0,0,298,scam
0,1,1,0,0,1,581,genuine
1,0,0,0,0,1,178,genuine
1,1,0,0,0,1,570,scam
1,1,1,0,0,1,326,genuine
0,0,1,1,0,0,286,scam
0,1,0,1,0,0,282,scam
0,0,0,0,0,1,579,genuine
0,1,1,0,1,1,155,scam
0,0,1,0,0,0,63,scam
0,0,1,0,0,1,291,scam
0,0,0,0,1,1,241,scam
1,0,0,0,1,1,325,scam
1,0,0,1,0,0,450,scam
1,0,1,0,0,1,596,scam
1,1,1,0,0,1,145,scam
0,0,0,0,0,0,187,genuine
0,1,1,0,0,0,354,scam
1,1,0,1,0,1,215,scam
1,1,0,0,0,1,423,scam
1,1,1,0,0,1,569,scam
1,0,1,0,0,1,353,genuine
0,0,0,1,0,1,220,scam
1,0,1,1,1,0,313,scam
1,1,0,0,0,0,274,genuine
0,1,0,0,0,0,436,scam
1,0,1,0,0,0,367,genuine
1,1,0,0,1,0,317,scam
1,1,1,0,1,0,400,scam
1,1,0,1,0,0,575,scam
0,0,1,0,0,0,471,genuine
1,0,1,1,0,0,461,scam
1,1,0,0,0,1,305,scam
1,0,1,0,0,0,496,genuine
1,0,1,0,0,1,154,genuine
0,0,0,1,0,1,283,scam
1,0,0,1,0,0,534,scam
1,1,1,0,0,0,462,genuine
0,0,1,1,1,1,423,scam
1,0,0,1,1,0,117,scam
0,0,0,0,0,1,100,genuine
0,1,0,0,0,1,308,genuine
0,0,1,1,1,1,64,scam
0,0,0,0,0,0,311,genuine
0,0,1,0,0,1,108,genuine
0,0,0,1,1,0,224,scam
0,1,1,1,1,0,284,scam
0,1,1,0,0,0,275,genuine
1,1,0,1,0,1,414,scam
0,1,0,0,0,1,527,genuine
0,1,1,1,1,0,382,scam
0,0,1,1,1,1,70,scam
1,1,0,1,1,1,529,scam
1,1,1,0,0,0,359,genuine
0,1,0,0,0,1,254,genuine
1,1,1,1,0,1,318,scam
0,1,1,1,0,0,272,scam
0,0,1,0,0,0,335,genuine
1,1,1,0,0,1,187,genuine
1,1,0,0,0,0,431,genuine
1,1,0,0,0,0,281,genuine
1,1,1,0,0,0,416,genuine
0,0,0,0,0,0,241,scam
1,1,0,1,0,0,339,scam
0,0,0,0,0,0,30,genuine
1,0,1,0,0,0,200,genuine
0,0,0,0,0,1,310,genuine
1,0,1,0,0,1,356,genuine
1,1,0,0,1,0,525,scam
1,1,1,0,0,1,590,genuine
0,1,1,0,0,0,288,genuine
0,0,1,0,0,1,548,genuine
1,1,1,0,0,1,426,genuine
1,1,1,0,0,1,67,genuine
0,1,1,1,0,0,326,scam
1,0,0,1,0,1,98,scam
0,1,1,0,0,1,408,genuine
1,1,0,1,1,0,493,scam
1,0,0,0,0,0,407,genuine
0,1,1,1,1,1,535,scam
0,1,0,0,0,1,432,scam
1,0,1,1,1,0,141,scam
0,0,1,1,1,0,219,scam
0,1,1,0,0,0,331,genuine
1,0,0,1,0,1,160,scam
0,1,1,0,1,0,472,scam
0,0,0,1,1,1,442,scam
1,1,1,1,1,0,410,scam
1,1,0,0,0,1,142,scam
1,0,1,0,0,0,291,scam
1,1,1,1,0,0,191,scam
1,0,1,1,1,0,215,scam
0,1,1,1,0,1,39,scam
0,1,1,0,0,1,342,genuine
0,1,1,0,0,0,244,genuine
1,1,1,1,1,1,168,scam
0,0,1,0,0,1,507,genuine
0,1,0,0,0,0,249,genuine
0,1,0,0,0,1,278,genuine
0,0,1,0,0,0,209,genuine
0,1,1,0,0,1,429,genuine
1,1,0,0,0,0,92,genuine
1,0,1,1,1,1,395,scam
0,1,0,0,0,1,558,genuine
0,0,0,0,0,1,345,genuine
1,1,0,0,0,1,271,genuine
0,0,0,0,0,0,373,genuine
1,0,0,0,1,1,137,scam
0,1,0,0,0,1,411,scam
1,0,0,1,1,1,46,scam
0,1,0,0,0,0,468,genuine
1,0,1,0,0,1,48,genuine
1,1,0,0,0,0,103,genuine
1,1,0,0,0,1,94,scam
0,1,0,0,1,0,465,scam
0,1,0,1,0,1,419,scam
1,0,1,0,0,1,74,scam
0,1,1,0,0,1,64,genuine
0,0,1,0,0,0,374,genuine
0,0,0,0,0,0,150,scam
0,1,0,0,0,1,424,scam
1,1,1,0,1,1,238,scam
0,0,1,0,0,0,251,scam
1,0,1,0,0,1,140,genuine
0,0,1,0,1,1,321,scam
1,1,0,0,1,1,407,scam
1,1,1,0,1,0,596,scam
1,1,0,0,0,0,507,genuine
1,1,0,1,1,1,273,scam
0,1,0,1,0,0,155,scam
1,1,1,0,0,0,316,genuine
1,1,0,0,0,0,313,genuine
1,1,0,0,0,0,436,genuine
1,1,1,0,0,0,467,genuine
1,0,1,0,0,1,273,genuine
1,1,0,0,0,1,598,genuine
1,1,1,1,1,1,299,scam
1,1,0,1,1,0,70,scam
1,1,1,0,0,0,498,scam
0,0,1,0,0,1,577,genuine
0,1,0,1,1,1,248,scam
1,0,1,0,0,1,352,scam
1,1,1,0,1,0,156,scam
0,0,1,1,1,0,416,scam
1,0,0,1,1,0,533,scam
1,0,0,0,0,1,219,genuine
1,0,1,0,0,1,522,genuine
1,0,0,0,0,0,112,genuine
1,1,0,0,0,1,365,scam
1,1,0,0,1,1,354,scam
1,0,0,1,0,1,430,scam
1,0,1,1,0,0,124,scam
1,1,1,1,1,0,111,scam
0,1,1,0,0,0,521,genuine
1,1,0,0,0,0,190,genuine
1,0,1,0,0,0,373,genuine
0,0,1,0,0,0,226,scam
1,0,1,1,0,1,414,scam
0,0,1,0,0,1,185,genuine
1,1,0,0,0,1,552,genuine
1,1,0,0,0,0,340,genuine
0,0,0,0,0,1,374,genuine
1,0,1,1,1,1,445,scam
1,0,1,0,0,1,291,genuine
0,1,0,0,0,0,30,genuine
1,1,0,1,1,1,91,scam
0,1,1,0,0,0,217,genuine
1,1,0,0,1,0,162,scam
1,0,1,0,0,1,202,scam
0,1,0,0,0,0,284,scam
0,0,1,0,0,0,282,genuine
0,0,0,1,0,1,311,scam
1,1,1,1,0,1,430,scam
1,0,1,0,0,0,507,genuine
0,1,0,1,1,0,183,scam
1,0,1,0,1,1,564,scam
1,0,0,0,0,0,457,genuine
1,1,0,0,0,0,358,genuine
1,1,1,0,0,0,285,scam
1,0,0,1,0,1,105,scam
1,0,1,0,0,0,166,genuine
1,0,0,0,0,0,412,genuine
0,0,1,0,0,1,289,scam
0,1,1,0,0,0,526,genuine
1,0,1,0,1,0,586,scam
0,0,0,0,0,0,381,genuine
1,0,0,1,1,0,335,scam
1,1,1,0,0,1,252,genuine
1,1,1,0,0,0,339,scam
1,1,0,0,0,0,396,genuine
0,1,1,0,0,1,584,scam
1,1,1,0,0,0,115,scam
1,1,0,0,1,0,456,scam
1,1,0,0,0,0,131,genuine
1,0,0,1,1,1,440,scam
1,0,1,0,1,1,414,scam
0,0,0,1,0,1,525,scam
1,0,1,0,1,1,496,scam
1,0,0,0,0,0,91,scam
1,0,1,0,0,1,297,scam
1,1,0,0,0,0,65,genuine
0,1,1,0,0,0,498,genuine
1,0,0,0,0,1,255,genuine
1,0,0,0,0,0,329,genuine
0,1,0,1,1,1,192,scam
1,0,0,1,0,0,178,scam
0,1,0,0,0,0,129,scam
1,1,1,0,0,1,346,genuine
0,0,0,1,0,1,255,scam
1,0,1,0,0,0,531,genuine
1,1,0,0,0,0,497,genuine
1,1,1,1,0,0,600,scam
1,1,0,1,0,1,484,scam
0,1,0,0,0,1,234,scam
0,0,1,0,0,1,187,scam
1,0,0,0,1,1,285,scam
0,0,0,0,0,0,120,genuine
0,1,1,0,0,1,340,genuine
1,0,1,0,0,1,207,genuine
0,0,0,0,0,1,129,scam
1,0,0,1,0,1,318,scam
0,0,0,0,0,0,421,genuine
0,1,1,0,1,0,259,scam
1,0,1,1,1,1,82,scam
0,1,1,0,0,0,100,genuine
1,0,1,1,0,1,68,scam
0,0,1,1,0,1,220,scam
0,0,0,0,0,1,161,genuine
0,0,0,0,1,1,139,scam
0,0,1,0,1,0,118,scam
1,0,0,0,0,1,174,genuine
0,1,1,1,0,1,62,scam
0,0,0,0,0,1,505,scam
1,0,1,1,0,1,109,scam
1,0,1,0,0,0,216,genuine
0,1,1,0,0,1,399,scam
1,0,1,0,1,1,61,scam
0,0,0,0,0,0,554,genuine
0,1,0,0,0,1,137,genuine
1,0,1,0,0,0,304,genuine
1,0,1,0,0,0,66,scam
1,0,1,0,0,0,141,genuine
0,0,0,0,0,1,171,genuine
0,0,1,0,0,0,156,scam
1,0,1,1,0,1,538,scam
1,0,0,0,1,1,493,scam
0,1,0,0,0,0,383,genuine
0,1,0,0,0,0,484,genuine
1,0,0,0,0,1,569,genuine
0,1,0,0,0,0,222,genuine
1,1,0,1,1,0,84,scam
0,0,0,1,1,0,504,scam
0,1,0,0,0,1,208,genuine
0,1,0,0,0,0,407,genuine
1,1,0,0,0,1,74,genuine
0,0,1,1,1,1,111,scam
0,0,0,1,1,1,197,scam
0,0,0,1,0,0,459,scam
1,1,0,1,1,0,542,scam
1,1,1,0,0,1,547,genuine
0,1,0,0,0,0,125,genuine
1,0,1,1,0,1,421,scam
1,0,0,0,0,0,300,scam
0,0,1,0,0,0,175,genuine
1,1,1,0,0,0,344,genuine
1,1,1,0,1,0,225,scam
0,1,1,0,1,0,308,scam
0,0,0,0,0,0,427,genuine
0,1,1,0,0,1,396,genuine
1,1,0,0,0,0,585,genuine
0,1,0,0,0,1,556,genuine
1,0,0,0,0,1,244,genuine
1,1,1,0,0,0,445,genuine
1,1,0,0,0,1,489,genuine
1,1,1,1,1,1,185,scam
0,1,0,0,0,1,539,genuine
0,0,1,1,1,0,328,scam
0,0,1,0,0,0,571,genuine
0,0,0,0,0,1,89,scam
0,0,1,0,0,0,90,scam
0,1,1,0,0,0,286,genuine
1,0,1,0,0,0,423,scam
0,1,0,0,0,0,88,genuine
0,1,0,0,0,0,278,genuine
0,1,1,0,0,0,147,genuine
1,1,0,0,0,0,344,genuine
1,1,0,1,0,0,227,scam
1,0,1,1,1,1,238,scam
1,0,1,0,0,0,37,genuine
0,1,1,0,0,1,217,genuine
0,1,0,0,0,1,171,scam
0,1,0,0,0,1,473,scam
0,1,1,0,0,1,435,genuine
0,0,0,1,1,0,359,scam
0,1,1,0,0,1,365,genuine
1,1,1,1,1,1,42,scam
0,1,0,0,0,1,269,scam
1,0,0,0,0,0,98,scam
0,0,0,0,0,1,170,genuine
1,0,1,0,0,1,359,scam
0,0,0,0,1,1,307,scam
1,1,1,0,0,0,272,genuine
1,1,1,0,0,1,186,genuine
1,0,1,0,0,0,491,genuine
1,0,1,0,0,1,548,genuine
0,1,1,0,1,1,84,scam
0,1,1,0,0,0,490,genuine
1,1,1,0,0,0,418,genuine
0,1,0,0,0,0,194,genuine
0,0,0,0,0,1,93,genuine
1,0,1,0,0,0,45,genuine
0,0,0,0,0,1,40,genuine
0,1,0,0,0,1,334,genuine
1,1,0,1,1,1,57,scam
1,0,0,0,0,1,357,genuine
1,1,0,0,1,0,189,scam
1,1,1,0,0,1,191,genuine
0,1,0,0,0,1,535,genuine
0,0,0,0,0,0,44,genuine
0,0,1,0,1,0,416,scam
1,1,0,0,0,1,337,scam
1,0,0,0,0,1,360,genuine
1,0,1,0,0,1,114,scam
0,1,1,0,0,1,524,scam
0,0,1,0,1,1,484,scam
1,0,1,0,0,0,154,genuine
0,1,1,0,0,0,211,genuine
0,1,0,0,0,1,165,genuine
1,0,0,0,0,0,311,genuine
1,0,1,0,1,0,272,scam
0,1,0,0,0,0,470,scam
0,0,0,0,0,0,406,scam
1,1,1,0,0,1,575,scam
0,1,1,0,0,0,454,genuine
0,0,0,1,1,1,205,scam
1,1,0,0,0,1,151,genuine
0,1,1,0,0,0,145,genuine
0,1,1,0,0,0,154,genuine
0,0,1,0,1,0,100,scam
0,1,0,0,0,0,99,genuine
0,1,1,1,1,1,347,scam
0,0,1,0,0,0,372,scam
1,0,1,0,0,0,298,genuine
0,0,1,1,1,0,523,scam
1,0,1,1,1,0,539,scam
0,0,0,0,0,0,393,genuine
0,0,0,0,0,0,254,genuine
0,1,1,0,0,0,451,genuine
1,1,1,0,0,1,527,genuine
0,1,0,0,0,1,109,genuine
1,0,1,1,1,0,208,scam
1,0,1,0,0,1,480,genuine
1,0,1,0,1,0,428,scam
1,1,1,0,0,1,156,scam
0,1,1,1,0,1,419,scam
0,0,1,0,0,0,295,genuine
1,1,0,0,0,0,190,genuine
0,1,0,0,0,1,291,genuine
1,1,1,0,0,1,553,genuine
1,0,0,0,0,0,485,genuine
1,0,0,0,0,1,240,scam
1,0,1,0,0,1,439,scam
1,1,0,1,1,0,532,scam
1,1,0,0,0,0,115,genuine
0,0,1,0,0,1,208,genuine
0,0,0,0,0,1,41,genuine
1,1,0,0,0,1,568,genuine
0,1,1,0,1,1,560,scam
1,1,1,0,1,0,293,scam
0,0,0,0,0,0,548,scam
1,0,0,0,1,0,469,scam
1,0,1,0,0,1,330,scam
0,1,1,0,0,1,106,genuine
0,0,0,0,0,0,282,genuine
1,0,1,0,1,0,336,scam
0,0,0,0,0,0,440,genuine
0,0,0,0,1,1,113,scam
1,0,1,0,0,0,241,genuine
0,1,0,0,1,1,520,scam
1,1,1,1,1,0,207,scam
0,1,0,1,0,1,265,scam
1,1,1,1,1,0,472,scam
1,1,1,0,1,0,33,scam
1,1,1,0,0,0,78,scam
1,0,1,1,0,1,305,scam
1,1,0,0,0,1,275,scam
0,1,0,0,1,1,229,scam
0,0,0,0,0,0,133,genuine
0,1,1,0,0,1,157,genuine
1,0,0,0,0,1,397,genuine
0,0,0,0,0,0,66,genuine
1,0,0,0,0,1,265,genuine
1,1,1,0,0,1,75,scam
0,1,1,0,0,0,87,genuine
0,0,0,0,0,0,317,scam
0,0,0,0,0,1,216,genuine
0,1,0,0,0,1,172,genuine
1,0,1,0,0,1,100,genuine
1,1,0,0,0,1,36,genuine
0,1,1,0,1,1,37,scam
1,1,0,0,0,1,356,genuine
0,1,1,0,0,1,482,genuine
1,1,1,0,0,0,441,genuine
1,0,1,0,0,1,472,genuine
0,0,0,0,0,0,553,genuine
1,1,0,0,0,1,447,genuine
0,0,1,0,0,0,143,genuine
0,1,0,0,0,1,45,genuine
0,0,1,1,0,1,40,scam
1,0,0,0,0,1,47,genuine
1,0,0,0,0,1,51,genuine
0,0,1,0,1,1,331,scam
1,1,1,0,0,0,271,genuine
1,1,1,1,0,1,176,scam
1,1,0,1,0,1,163,scam
1,1,1,0,0,1,49,scam
0,1,0,0,0,1,347,genuine
1,0,1,0,1,0,241,scam
1,0,0,0,0,0,276,genuine
0,0,0,0,0,0,509,genuine
1,1,1,0,0,0,196,genuine
0,1,0,0,1,0,140,scam
1,0,0,0,0,1,407,genuine
1,0,0,0,0,0,362,genuine
0,0,1,1,0,1,126,scam
1,0,1,0,0,1,463,genuine
1,1,1,0,0,0,541,genuine
1,0,1,1,0,0,400,scam
1,1,0,0,0,0,350,genuine
0,0,1,0,0,1,301,scam
1,0,0,0,0,0,342,genuine
0,1,1,0,0,1,190,genuine
0,1,1,0,0,1,320,scam
0,0,0,0,0,1,138,scam
0,1,0,0,0,0,376,genuine
1,0,1,0,0,1,76,genuine
1,0,0,0,0,1,455,genuine
1,1,0,0,0,1,544,scam
1,0,0,1,1,0,529,scam
1,1,1,1,0,1,50,scam
0,1,0,0,1,0,397,scam
0,1,0,0,0,1,322,genuine
0,1,0,0,0,0,224,genuine
1,0,1,1,0,0,177,scam
1,1,0,0,1,0,426,scam
1,1,1,0,0,0,447,genuine
1,0,1,0,0,1,237,genuine
0,1,1,0,0,0,152,genuine
0,1,1,0,0,0,447,genuine
0,0,1,0,0,0,309,genuine
1,0,1,0,0,0,355,genuine
0,1,1,0,0,0,121,genuine
0,1,1,0,0,0,271,genuine
1,0,0,0,0,1,455,genuine
0,0,1,0,0,1,231,genuine
1,0,0,0,0,0,311,genuine
0,0,0,0,0,0,112,genuine
0,0,1,0,0,1,116,genuine
1,1,1,0,0,1,515,genuine
1,0,1,0,0,1,370,scam
1,0,0,0,1,1,132,scam
0,0,0,0,0,1,56,genuine
1,1,0,1,1,0,379,scam
1,0,0,0,0,1,69,genuine
1,1,1,0,1,0,514,scam
0,0,1,0,0,0,127,genuine
1,1,0,0,0,1,226,scam
0,1,0,0,0,1,200,genuine
0,1,0,0,0,0,116,genuine
0,1,0,0,0,0,568,genuine
1,0,1,0,0,0,253,genuine
0,0,1,0,0,0,243,genuine
1,1,1,0,0,1,146,genuine
1,0,0,0,0,1,92,scam
0,0,0,0,0,1,115,genuine
1,0,0,0,1,0,75,scam
0,1,0,0,0,0,384,genuine
0,0,0,0,0,0,228,genuine
1,0,0,0,0,0,598,genuine
0,0,1,0,0,1,450,scam
1,1,0,0,0,0,48,genuine
1,1,0,0,0,0,357,genuine
1,0,0,0,1,0,167,scam
1,1,0,1,1,0,238,scam
0,1,0,0,0,0,60,genuine
1,1,1,1,0,0,270,scam
1,1,1,0,0,1,281,genuine
1,1,1,0,0,1,112,genuine
1,0,0,0,0,0,270,scam
0,1,0,0,1,1,396,scam
1,0,1,0,0,1,458,genuine
1,1,0,0,0,0,64,genuine
1,1,0,0,0,0,358,genuine
0,1,0,0,0,1,93,genuine
1,0,1,0,0,1,528,genuine
0,0,1,0,0,1,238,genuine
0,1,0,0,0,0,168,genuine
1,1,1,0,0,0,201,genuine
1,0,1,0,0,0,454,scam
0,1,0,0,0,0,432,genuine
0,0,1,0,0,1,448,genuine
0,1,0,0,0,0,476,genuine
0,1,0,1,0,0,204,scam
0,1,0,0,0,1,136,genuine
1,1,0,1,0,1,275,scam
1,0,1,1,1,0,577,scam
1,0,0,0,0,1,225,genuine
0,1,1,0,0,0,499,genuine
1,1,0,1,0,1,480,scam
1,1,1,1,0,0,557,scam
0,0,0,0,1,1,166,scam
0,1,1,0,0,0,505,genuine
0,0,1,0,1,1,35,scam
1,0,1,1,0,0,175,scam
0,0,0,0,0,1,256,genuine
1,0,1,1,1,0,390,scam
0,0,0,0,0,1,380,scam
1,1,0,1,0,0,288,scam
0,1,0,0,0,0,265,genuine
1,1,0,1,0,0,73,scam
1,0,0,0,0,0,514,genuine
0,0,1,0,0,1,320,scam
0,1,1,1,1,1,229,scam
0,0,0,0,1,1,574,scam
1,1,0,0,1,1,370,scam
0,1,0,0,0,1,38,genuine
0,1,0,1,0,1,129,scam
0,1,0,0,0,0,349,genuine
0,1,1,0,0,1,347,genuine
1,1,0,0,0,0,453,genuine
1,1,1,0,0,0,164,genuine
1,0,0,1,0,1,94,scam
0,0,0,0,0,0,261,genuine
0,0,0,1,1,1,426,scam
1,1,0,0,1,1,173,scam
1,1,0,0,0,0,550,scam
1,1,0,0,1,0,181,scam
1,0,1,0,0,0,153,scam
0,0,1,0,1,1,435,scam
1,0,0,0,0,0,51,genuine
1,0,0,1,0,0,209,scam
0,1,0,0,0,1,161,genuine
0,0,1,0,0,0,405,scam
0,1,1,0,0,0,100,genuine
0,0,0,1,1,1,363,scam
0,1,1,0,0,1,80,genuine
0,0,0,0,0,1,143,genuine
0,0,0,0,0,1,453,genuine
1,1,0,0,0,1,434,scam
1,0,0,0,0,1,536,genuine
1,1,1,0,0,1,550,scam
1,0,1,0,0,0,358,genuine
0,1,1,1,1,0,462,scam
0,0,1,1,1,0,411,scam
0,1,0,0,0,1,210,genuine
0,1,1,0,0,0,361,genuine
1,1,0,0,0,0,327,genuine
0,1,1,0,0,1,592,scam
1,0,0,1,1,0,85,scam
0,1,1,0,0,1,343,scam
0,0,1,0,0,0,510,genuine
0,0,0,0,0,1,472,genuine
0,1,1,1,1,0,300,scam
1,0,0,0,0,0,343,genuine
1,1,0,1,0,1,260,scam
0,1,0,0,0,0,388,genuine
1,0,1,0,0,0,445,genuine
1,0,1,0,1,1,352,scam
0,1,0,0,0,0,205,genuine
0,0,0,0,0,1,161,scam
0,1,0,0,1,0,181,scam
0,1,0,0,0,0,189,genuine
0,0,0,0,0,1,473,genuine
1,1,1,0,0,1,549,genuine
0,1,1,1,1,1,310,scam
0,1,0,1,1,1,524,scam
1,1,0,1,1,1,43,scam
0,0,0,0,0,0,577,genuine
0,0,1,0,0,0,80,genuine
1,0,1,0,1,1,464,scam
0,1,0,0,1,1,237,scam
0,0,0,0,0,0,423,scam
1,0,0,0,1,0,34,scam
1,0,1,0,1,1,334,scam
1,1,0,0,0,0,525,genuine
1,1,0,0,0,1,106,genuine
1,1,1,1,1,0,202,scam
1,0,0,0,0,0,513,genuine
0,1,0,1,1,1,418,scam
1,0,1,0,0,1,430,scam
1,1,1,0,0,1,441,scam
1,1,0,0,0,0,368,genuine
1,1,0,0,0,1,215,scam
1,0,0,1,0,1,94,scam
0,0,0,0,1,1,158,scam
0,0,0,0,0,1,262,genuine
1,0,1,0,0,0,315,genuine
0,1,0,0,0,0,76,genuine
1,1,0,0,0,1,239,genuine
0,0,0,1,1,0,429,scam
1,1,0,0,0,0,546,genuine
0,0,1,0,0,1,417,genuine
1,0,0,0,0,1,416,genuine
0,1,0,1,0,1,124,scam
0,0,0,0,0,0,295,genuine
0,1,1,0,0,0,403,genuine
1,0,1,0,0,0,312,genuine
1,1,1,0,0,1,111,genuine
0,1,1,1,1,0,133,scam
0,0,1,0,0,1,463,genuine
0,0,0,0,0,1,376,genuine
1,1,0,1,1,1,57,scam
1,0,1,0,0,1,60,genuine
1,0,1,0,0,0,89,genuine
1,0,0,0,0,0,394,scam
0,1,0,0,1,1,521,scam
1,1,0,0,0,0,504,genuine
1,1,0,0,0,1,189,genuine
0,0,1,0,0,0,405,genuine
1,1,1,0,1,0,316,scam
0,1,1,0,0,1,535,scam
0,1,1,1,1,1,72,scam
1,0,1,0,0,0,587,scam
1,0,1,1,0,0,424,scam
0,1,0,1,1,0,599,scam
0,0,0,0,0,0,404,genuine
0,1,0,1,0,0,361,scam
0,1,1,0,0,1,41,scam
1,1,0,0,0,1,76,genuine
1,1,1,1,1,0,132,scam
0,0,0,1,0,1,331,scam
1,0,0,0,0,1,531,scam
1,0,0,0,0,1,573,genuine
0,1,1,1,0,1,369,scam
1,1,0,0,0,0,501,genuine
0,1,0,0,1,1,406,scam
0,1,1,0,0,1,277,genuine
1,1,0,0,0,0,93,genuine
0,0,0,0,0,0,341,scam
0,0,0,0,1,0,349,scam
0,1,1,0,0,1,528,scam
0,0,0,0,1,0,356,scam
1,0,1,0,1,0,50,scam
1,1,1,0,0,0,450,scam
0,1,1,0,0,0,286,scam
1,0,0,1,0,1,107,scam
1,1,1,0,0,1,189,genuine
1,0,1,0,1,1,147,scam
0,0,0,0,0,0,363,genuine
1,0,0,0,0,1,424,scam
0,0,1,0,1,1,354,scam
0,1,1,0,0,0,161,scam
0,0,1,0,0,1,220,genuine
0,1,0,1,0,1,273,scam
0,1,0,0,0,0,287,scam
